周期,日期,指数,指数特点,盘前检查,中级周期,龙头周期,情绪节点,大盘指数,微盘指数,,情绪,,,,是否开仓,,,,,
,,,,,,,,,,日内强势题材,断板,高位,中位,评分,,,,,,
,2024/9/27,向上大阳,,是,,,高潮,,,破净，国改,无大面,加速,加速,3,买入核心,,,,,
,2024/9/30,向上大阳,,是,,,癫狂,,,破净，国改,无大面,加速,加速,4,买入核心,,,,,
,2024/10/9,向下杀跌,,是,,,退潮,,,华为,大面数增加,加速,分歧,1,不开,,,,,
,2024/10/10,A杀,,是,,,退潮加速,,,,大面数减少,分歧,分歧,1,不开,,,,,
,2024/10/11,向下杀跌,,是,,,退潮转衰竭,,,,大面数增加,分歧,分歧,1,不开,,,,,
,2024/10/14,向上大阳,,是,,,反弹第一天,,,西部,无大面,加速,中规中矩,3,买入1进2试错,,,,,
,2024/10/15,A杀,,是,,,反弹加速转衰竭,,,西部,无明显反核,分歧,分歧,1,不开,,,,,
,2024/10/16,宽幅震荡,,是,,,修复--弱,,,,无大面,分歧,中规中矩,3,买入核心,,,,,
,2024/10/17,A杀,,是,,,加速,,,自主可控,单核心反核,加速,加速,1,不开,,,,,
,2024/10/18,向上大阳,,是,,,反弹第一天,,,重组,无大面,分歧,加速,3,买入核心,,,,,
,2024/10/21,A杀,,是,,,反弹加速,,,重组,无大面,加速,加速,2,买入超预期,,,,,
,2024/10/22,宽幅震荡,,是,,,反弹加速转衰竭,,,重组,无大面,分歧,加速,2,买入核心,,,,,
,2024/10/23,A杀,,是,,,退潮,,,,大面数增加,分歧,加速,1,不开,,,,,
,2024/10/24,V杀,,是,,,日内分歧转一致,,,,无大面,分歧,分歧,2,买入超预期,,,,,
,2024/10/25,宽幅震荡,,是,,,加速,,,,无大面,弱转强,加速,3,买入核心,,,,,
,2024/10/28,宽幅震荡,,是,,,高潮,,,,无大面,加速,加速,2,买入超预期,,,,,
,2024/10/29,向下杀跌,,是,,,退潮,,,AI,大面数增加,分歧,加速,1,不开,,,,,
,2024/10/30,V杀,,是,,,修复--强,,,华为，低空,多核心反核,弱转强,加速,3,买入核心,,,,,
,2024/10/31,宽幅震荡,,是,,,反弹加速转衰竭,,,光伏，金融,无大面,加速,加速,2,买入超预期,,,,,
,2024/11/1,宽幅震荡,,是,,,退潮,,,有色,大面数增加,分歧,分歧,1,不开,,,,,
,2024/11/4,向上大阳,,是,,,修复--中等,,,金融，机器人，消费电子,"大面数减少,无明显反核",分歧,分歧,2,"买入核心,买入超预期",,,,,
,2024/11/5,向上大阳,,是,,,反弹加速,,,金融，军工,"多核心反核,无大面",分歧,加速,3,"买入核心,买入超预期",,,,,
,2024/11/6,宽幅震荡,,是,,,反弹加速转衰竭,,,"低空,芯片，新能源车",无大面,分歧,分歧,1,不开,,,,,
,2024/11/7,"向上大阳,大低开",,是,,,日内分歧转一致,,,消费，金融，AMC,"单核心反核,大面数增加",分歧,分歧,2,"买入核心,买入1进2试错",,,,,
,2024/11/8,"A杀,大高开",,是,,,退潮,,,航天军工，芯片,无大面,分歧,分歧,1,不开,,,,,
,2024/11/11,"V杀,大低开",,是,,,退潮加速,,,"芯片，低价,固态电池",大面数增加,分歧,分歧,2,买入1进2试错,,,,,
,2024/11/12,"向下杀跌,震荡开",,是,,,退潮加速,,,医药，固态,"无明显反核,大面数增加",分歧,分歧,1,不开,,,,,
,2024/11/13,"V杀,大低开",,是,,,退潮转衰竭,,,上海，固态,多核心反核,分歧,分歧,2,买入超预期,,,,,
,2024/11/14,"向下杀跌,震荡开",,是,,,退潮加速,,,无,"无明显反核,大面数增加",弱转强,加速,1,不开,,,,,
,2024/11/15,"向下杀跌,震荡开",,是,,,修复--中等,,,AI应用，固态,多核心反核,弱转强,加速,3,买入核心,,,,,
,2024/11/18,"向下阴跌,震荡开",,是,,,加速,,,破净，房地产,"单核心反核,大面数增加",加速,加速,2,买入超预期,,,,,
,2024/11/19,"V杀,震荡开",,是,,,退潮,,,固态电池，芯片，机器人,"无明显反核,大面数增加",分歧,分歧,1,不开,,,,,
,2024/11/20,"向上大阳,震荡开",,是,,,修复--强,,,化工，机器人,"多核心反核,大面数减少",加速,加速,3,"不开,买入核心",,,,,
,2024/11/21,"平盘整理,震荡开",,是,,,反弹加速转衰竭,,,核巨变，机器人,"无明显反核,无大面",加速,分歧,2,买入1进2试错,,,,,
,2024/11/22,"向下杀跌,震荡开",,是,,,退潮,,,锂电池，AI,"单核心反核,无大面",分歧,分歧,1,不开,,,,,
,2024/11/25,"V杀,震荡开",,是,,,修复--中等,,,"锂电池,AI,新能车","多核心反核,大面数增加",弱转强,分歧,3,买入核心,,,,,
,2024/11/26,"宽幅震荡,震荡开",,是,,,退潮,,,IP经济,"无明显反核,大面数增加",分歧,分歧,1,不开,,,,,
,2024/11/27,"向上大阳,V杀,震荡开",,是,,,修复--中等,,,IP经济,"多核心反核,大面数减少",弱转强,分歧,4,"买入核心,买入超预期",,,,,
,2024/11/28,"A杀,震荡开",,是,,,反弹加速转衰竭,,,"IP经济,消费","单核心反核,无大面",加速,中规中矩,2,"买入核心,买入超预期",,,,,
,2024/11/29,"宽幅震荡,震荡开",,是,,,修复--中等,,,消费，金融,"单核心反核,大面数增加",分歧,分歧,1,不开,,,,,
,2024/12/2,"向上大阳,震荡开",,是,,,反弹加速,,,机器人，海南,"大面数减少,无明显反核",加速,中规中矩,3,买入核心,,,,,
,2024/12/3,"V杀,震荡开",,是,,,反弹加速转衰竭,,,机器人，房地产,"单核心反核,大面数增加",分歧,加速,2,买入1进2试错,,,,,
,2024/12/4,"向下杀跌,震荡开",,是,,,退潮,,,芯片，机器人，消费,"多核心反核,大面数增加",分歧,分歧,1,不开,,,,,
,2024/12/5,"宽幅震荡,震荡开",,是,,,修复--中等,,,"机器人,ai","多核心反核,大面数增加",弱转强,中规中矩,3,买入核心,,,,,
,2024/12/6,"向上大阳,震荡开",,是,,,日内分歧未转一致,,,"低价,ai","单核心反核,大面数增加",分歧,分歧,1,买入1进2试错,,,,,
,2024/12/9,"宽幅震荡,震荡开",,是,,,退潮,,,机器人,"单核心反核,大面数增加",弱转强,分歧,1,不开,,,,,
,2024/12/10,"A杀,大高开",,是,,,修复--强,,,机器人,"多核心反核,无大面",加速,中规中矩,3,"买入核心,买入超预期",,,,,
,2024/12/11,震荡开,,是,,,日内分歧转一致,,,上海，消费电子,"单核心反核,大面数增加",分歧,加速,2,买入核心,,,,,
,2024/12/12,"向上大阳,震荡开",,是,,,修复--弱,,,,,,,,,,,,,
,2024/12/13,"向下杀跌,大低开",,是,,,退潮,,,消费，字节,"单核心反核,大面数增加",分歧,加速,1,不开,,,,,
,2024/12/16,宽幅震荡,,是,,,退潮,,,消费，首发,"单核心反核,大面数增加",分歧,中规中矩,2,买入1进2试错,,,,,
,2024/12/17,宽幅震荡,,是,,,冰点,,,ai,"单核心反核,大面数增加",分歧,分歧,1,不开,,,,,
,2024/12/18,"A杀,大高开",,是,,,修复--中等,,,"国改,ai,机器人，半导体","多核心反核,大面数增加",弱转强,加速,4,"买入核心,买入超预期",,,,,
,2024/12/19,"向下阴跌,大低开",,是,,,退潮,,,算力,"大面数减少,无明显反核",分歧,中规中矩,2,,,,,,
,2024/12/20,震荡开,,是,,,混沌,,,,,,,,,,,,,
,2024/12/23,,,,,,退潮,,,,,,,,,,,,,
,2024/12/24,震荡开,,是,,,修复--中等,,,"机器人,算力","单核心反核,大面数减少",加速,中规中矩,3,买入核心,,,,,
,2024/12/25,"宽幅震荡,震荡开",,是,,确认,退潮,,,机器人，消费,"多核心反核,大面数增加",分歧,分歧,1,不开,,,,,
,2024/12/26,震荡开,,是,,加速,修复--强,,,AI硬件,"多核心反核,大面数减少",弱转强,加速,4,"买入核心,买入超预期",,,,,
,2024/12/27,震荡开,,是,,加速,反弹加速,,,,"单核心反核,大面数减少",加速,分歧,3,"买入核心,买入超预期",,,,,
,2024/12/30,震荡开,,是,,加速,反弹加速转衰竭,,,AI硬件，消费,"单核心反核,大面数减少",加速,中规中矩,2,买入核心,,,,,
,2024/12/31,"向下杀跌,震荡开",,是,,抗分歧,修复--弱,,,消费，光伏,"多核心反核,大面数减少",分歧,中规中矩,2,"买入核心,买入超预期",,,,,
,2025/1/2,"向下杀跌,震荡开",,是,,"高潮,弱转强","高潮,主升--确认",,,消费,"多核心反核,大面数减少",弱转强,中规中矩,3,"买入核心,买入超预期",,,,,
,2025/1/3,"向下杀跌,震荡开",,是,B,断板,退潮,,,AI眼镜,"多核心反核,大面数减少",分歧,分歧,2,买入核心,,,,,
,2025/1/6,"V杀,震荡开",,是,B,混沌,退潮,,,医药，电池,"多核心反核,大面数减少",分歧,分歧,2,买入超预期,,,,,
,2025/1/7,"V杀,震荡开",,是,B,混沌,修复--中等,,,AI硬，核聚变,"多核心反核,大面数减少",分歧,中规中矩,3,买入超预期,,,,,
,2025/1/8,"V杀,大低开",,是,B,确认,龙头确认,,,消费，机器人，AI硬件,"多核心反核,大面数减少",分歧,加速,2,不开,,,,,
,2025/1/9,"宽幅震荡,大低开",,是,B,抗分歧,加速,,,AI硬件，pcb,"大面数减少,无明显反核",加速,加速,2,不开,,,,,
,2025/1/10,"宽幅震荡,震荡开",,是,B,"确立,穿越",退潮,,,机器人，芯片,"单核心反核,大面数增加",分歧,分歧,1,不开,,,,,
,2025/1/13,"宽幅震荡,大低开",,是,B,"确认,弱转强",退潮加速,,,机器人，消费,"单核心反核,大面数增加",弱转强,中规中矩,2,"买入核心,买入超预期",,,,,
,2025/1/14,"向上大阳,震荡开",,是,B,"加速,高潮",修复--强,,,机器人，小红书,"多核心反核,大面数减少",加速,加速,4,买入核心,,,,,
,2025/1/15,"宽幅震荡,震荡开",,是,B,抗分歧,反弹加速转衰竭,,,机器人，小红书,"无明显反核,无大面",分歧,加速,2,"买入核心,买入1进2试错",,,,,
,2025/1/16,"A杀,大高开",,是,B,断板,修复--弱,,,机器人，小红书,"单核心反核,无大面",分歧,中规中矩,2,不开,,,,,
,2025/1/17,"宽幅震荡,震荡开",,是,B,"确立,穿越",退潮,,,机器人，芯片,"多核心反核,大面数增加",分歧,分歧,1,不开,,,,,
,2025/1/20,"A杀,震荡开",,是,B,断板,退潮,,,AI硬，消费,"无明显反核,大面数增加",分歧,中规中矩,1,不开,,,,,
,2025/1/21,"A杀,大高开",,是,B,确立,退潮,,,机器人，芯片,"单核心反核,大面数减少",分歧,中规中矩,2,买入1进2试错,,,,,
,2025/1/22,"向下杀跌,大低开",,是,B,确认,龙头确认,,,机器人，AI硬,"大面数减少,无明显反核",弱转强,加速,3,买入核心,,,,,
,2025/1/23,"A杀,大高开",,是,B,抗分歧,退潮,,,机器人,"无明显反核,大面数增加",分歧,分歧,1,不开,,,,,
,2025/1/24,"向上大阳,大低开",,是,B,断板,修复--中等,,,机器人，AI硬,"多核心反核,大面数增加",分歧,中规中矩,3,买入1进2试错,,,,,
,2025/1/27,,,,B,混沌,退潮,,,,,,,,,,,,,
,2025/2/5,"A杀,大高开",,是,B,混沌,退潮加速,,,"ds,机器人","无明显反核,大面数增加",分歧,加速,2,买入1进2试错,,,,,
,2025/2/6,"向上大阳,震荡开",,是,B,确认,修复--强,,,"ds,机器人，无人","单核心反核,无大面",弱转强,中规中矩,4,买入核心,,,,,
,2025/2/7,"向上大阳,A杀",,是,A,加速,"加速,主升--确认",,,"ai硬，无人,ds","单核心反核,无大面",加速,中规中矩,2,"买入1进2试错,买入超预期",,,,,
,2025/2/10,震荡开,,是,A,高潮,主升--高潮,,,ai硬，ds,"多核心反核,无大面",加速,中规中矩,2,买入超预期,,,,,
,2025/2/11,"V杀,震荡开",,是,A,加速,主升--高潮,,,"ds,ai硬件，机器人","单核心反核,无大面",加速,分歧,3,买入核心,,,,,
,2025/2/12,"向上大阳,V杀,震荡开",,是,A,抗分歧,日内分歧转一致,,,"ds,ai硬件，机器人","多核心反核,无大面",分歧,中规中矩,3,买入核心,,,,,
,2025/2/13,"A杀,震荡开",,是,A,断板,主升--分歧,,,"ds,阿里，影视","单核心反核,大面数增加",分歧,分歧,1,不开,,,,,
,2025/2/14,"向上大阳,震荡开",,是,A,混沌,修复--弱,,,"ds,医药","单核心反核,大面数增加",弱转强,中规中矩,2,买入超预期,,,,,
,2025/2/17,"A杀,大高开",,是,A,确立,退潮,,,"机器人,医药,ai硬件","单核心反核,大面数减少",分歧,加速,1,"不开,买入超预期",,,,,
,2025/2/18,"向下杀跌,大低开",,是,A,断板,退潮加速,,,机器人,"单核心反核,大面数增加",分歧,加速,1,不开,,,,,
,2025/2/19,"向上大阳,震荡开",,是,A,确认,修复--中等,,,机器人,"多核心反核,大面数减少",分歧,中规中矩,2,买入核心,,,,,
,2025/2/20,"A杀,震荡开",,是,A,加速,修复--加速,,,"AI眼镜，机器人,ds","单核心反核,无大面",加速,中规中矩,2,不开,,,,,
,2025/2/21,"向上大阳,V杀,大高开",,是,A,"确认,断板",日内分歧转一致,,,"阿里,ai硬件，机器人","大面数增加,无大面",分歧,中规中矩,4,买入核心,,,,,
,2025/2/24,"V杀,震荡开",,是,B,混沌,退潮,,,"ai硬件,机器人","多核心反核,大面数增加",分歧,中规中矩,1,不开,,,,,
,2025/2/25,"A杀,大低开",,是,B,确立,退潮中继,,,"ai硬件,机器人，消费电子","多核心反核,大面数增加",分歧,中规中矩,4,买入超预期,,,,,
,2025/2/26,"向上大阳,震荡开",,是,B,混沌,修复--强,,,机器人 ai硬件,"多核心反核,无大面",弱转强,加速,3,买入1进2试错,,,,,
,2025/2/27,"V杀,震荡开",,是,B,混沌,日内分歧转一致,,, ai硬件，消费，机器人,"多核心反核,大面数增加",加速,加速,2,买入核心,,,,,
,2025/2/28,大低开,,是,B,确立,冰点,,,"芯片，ai硬件,机器人","单核心反核,大面数增加",分歧,分歧,1,不开,,,,,
,2025/3/3,"A杀,大高开",,是,B,断板,退潮转衰竭,,,固态，ai硬件,"大面数减少,无明显反核",弱转强,中规中矩,2,不开,,,,,
,2025/3/4,"宽幅震荡,大低开",止跌阳,是,A,确立,修复--中等,,,"机器人，军飞，半导体,ai硬","单核心反核,大面数增加",分歧,中规中矩,3,买入核心,,,,,
,2025/3/5,震荡开,共振,是,A,加速,修复--加速,,,ai硬件，机器人,"多核心反核,大面数减少",弱转强,中规中矩,2,买入核心,,,,,
,2025/3/6,"向上大阳,大高开",共振,是,A,主升,修复--高潮,,,"ai应用,机器人，ai硬件","多核心反核,无大面",分歧,加速,4,"买入核心,买入超预期",,,,,
,2025/3/7,"向下阴跌,大低开",震荡,是,A,确立,退潮,,,ai应用，机器人，有色,"单核心反核,大面数增加",加速,分歧,1,不开,,,,,
,2025/3/10,"V杀,震荡开",震荡,是,A,确立,修复--弱,,,ai医疗，机器人,"单核心反核,大面数减少",分歧,中规中矩,2,不开,,,,,
,2025/3/11,"V杀,大低开",共振,是,A,确认,修复--中等,,,"ai智能体,机器人","多核心反核,大面数减少",弱转强,加速,4,买入核心,,,,,
,2025/3/12,"宽幅震荡,大高开",箱体上延,是,A,抗分歧,反弹加速转衰竭,,,"ai硬件,机器人","单核心反核,无大面",分歧,加速,2,买入1进2试错,,,,,
,2025/3/13,"V杀,震荡开",背离,是,A,弱转强,"退潮,日内分歧转一致",,,"消费,ai硬件","多核心反核,大面数增加",弱转强,分歧,2,买入核心,,,,,
,2025/3/14,"向上大阳,震荡开",共振,是,A,抗分歧,退潮转衰竭,,,生育，消费，金融,"单核心反核,大面数增加",分歧,分歧,1,不开,,,,,
,2025/3/17,"宽幅震荡,震荡开",震荡,是,A,断板,修复--弱,,,"生育，海工,机器人","单核心反核,大面数减少",分歧,分歧,2,买入1进2试错,,,,,
,2025/3/18,"宽幅震荡,大高开",震荡,是,A,混沌,日内分歧转一致,,,"ai硬件，机器人,充电庄","单核心反核,大面数减少",分歧,分歧,2,买入1进2试错,,,,,
,2025/3/19,"宽幅震荡,震荡开",震荡,是,A,确认,混沌分歧,,,"机器人,军工","无明显反核,大面数增加",分歧,中规中矩,2,买入超预期,,,,,
,2025/3/20,"A杀,震荡开",背离,是,A,主升,修复--中等,,,"机器人,海洋，ai硬件","多核心反核,大面数减少",弱转强,中规中矩,4,"买入核心,买入超预期",,,,,
,2025/3/21,"向下杀跌,震荡开",背离,是,D,确立,退潮,,,海洋，机器人,单核心反核,分歧,中规中矩,2,,,,,,
,2025/3/24,"V杀,震荡开",金针探底,是,D,断板,退潮,,,海洋，机器人,"无明显反核,大面数增加",分歧,分歧,1,不开,,,,,
,2025/3/25,"宽幅震荡,震荡开",金针探底,是,D,确认,退潮转衰竭,,,"核聚变,机器人，化工","单核心反核,大面数增加",分歧,加速,1,不开,,,,,
,2025/3/26,"宽幅震荡,震荡开",震荡,是,D,抗分歧,修复--中等,,,"海洋,机器人，化工","多核心反核,大面数减少",弱转强,中规中矩,3,买入核心,,,,,
,2025/3/27,"宽幅震荡,震荡开",震荡,是,D,弱转强,退潮,,,"芯片,机器人，化工","单核心反核,大面数增加",分歧,分歧,2,,,,,,
,2025/3/28,"V杀,震荡开",背离,是,D,断板,退潮,,,芯片，机器人，ai硬件,"单核心反核,大面数减少",分歧,中规中矩,1,不开,,,,,
,2025/3/31,"V杀,大低开",背离,是,B,混沌,退潮转衰竭,,,机器人，AI硬件,"单核心反核,大面数增加",弱转强,中规中矩,2,不开,,,,,
,2025/4/1,"A杀,震荡开",背离,是,B,混沌,修复--中等,,,"医药,核聚变，化工","多核心反核,大面数减少",分歧,中规中矩,3,买入超预期,,,,,
,2025/4/2,"A杀,震荡开",背离,是,B,确立,混沌分歧,,,机器人，光刻机,"多核心反核,大面数减少",弱转强,分歧,2,买入1进2试错,,,,,
,2025/4/3,"宽幅震荡,大低开",背离,是,B,断板,修复--弱,,,医药，消费，化工,"多核心反核,大面数减少",分歧,中规中矩,2,买入超预期,,,,,
,2025/4/7,"向下杀跌,大低开",背离,是,B,混沌,冰点,,,"消费,农业","单核心反核,大面数增加",分歧,中规中矩,1,不开,,,,,
,2025/4/8,"向上大阳,震荡开",止跌阳,是,A,混沌,修复--中等,,,"消费,农业","多核心反核,大面数减少",分歧,加速,3,买入核心,,,,,
,2025/4/9,"V杀,大低开",共振,是,A,主升,日内分歧转一致,,,军工，芯片，机器人,"无明显反核,大面数增加",弱转强,中规中矩,2,买入1进2试错,,,,,
,2025/4/10,"向上大阳,大高开",共振,是,A,主升,主升--确认,,,自贸区物流，消费，机器人,"单核心反核,无大面",分歧,中规中矩,3,买入核心,,,,,
,2025/4/11,"宽幅震荡,震荡开",震荡,是,A,混沌,主升--分歧,,,芯片，消费,"单核心反核,大面数增加",分歧,分歧,1,不开,,,,,
,2025/4/14,"向上大阳,大高开",共振,是,A,确认,修复--中等,,,核聚变，消费，跨境，海南,"多核心反核,无大面",分歧,中规中矩,3,买入核心,,,,,
,2025/4/15,"宽幅震荡,震荡开",震荡,是,A,断板,主升--分歧,,,芯片，消费,"单核心反核,大面数增加",加速,分歧,1,不开,,,,,
,2025/4/16,"V杀,震荡开",震荡,是,A,确立,修复--中等,,,跨境，消费,"单核心反核,大面数减少",弱转强,中规中矩,3,买入1进2试错,,,,,
,2025/4/17,"宽幅震荡,大低开",共振,是,A,确认,主升--延续,,,消费，ai硬件，化工，地产,"单核心反核,无大面",分歧,中规中矩,2,买入核心,,,,,
,2025/4/18,"宽幅震荡,大低开",震荡,是,A,抗分歧,日内分歧转一致,,,"消费,5G ,海洋","单核心反核,大面数增加",分歧,中规中矩,2,不开,,,,,
,2025/4/21,"向上大阳,震荡开",共振,是,A,加速,修复--中等,,,消费，跨境，黄金，飞机,"多核心反核,大面数减少",加速,中规中矩,3,买入核心,,,,,
,2025/4/22,"向上大阳,震荡开",共振,是,A,抗分歧,日内分歧转一致,,,消费，跨境,"多核心反核,大面数增加",分歧,中规中矩,2,买入核心,,,,,
,2025/4/23,"向下阴跌,大高开",震荡,是,A,断板,主升--分歧,,,消费，跨境，机器人,"单核心反核,大面数增加",分歧,分歧,1,不开,,,,,
,2025/4/24,"A杀,震荡开",震荡,是,A,穿越,修复--中等,,,机器人，跨境，医药,"多核心反核,大面数减少",弱转强,中规中矩,2,买入核心,,,,,
,2025/4/25,"A杀,震荡开",震荡,是,A,抗分歧,主升--分歧,,,消费，电力,"多核心反核,大面数减少",加速,中规中矩,2,不开,,,,,
,2025/4/28,"V杀,震荡开",震荡,是,B,混沌,退潮,,,电力,"多核心反核,大面数增加",分歧,分歧,1,不开,,,,,
,2025/4/29,"宽幅震荡,大低开",震荡,是,B,混沌,修复--弱,,,化工，AI硬件 机器人,"单核心反核,大面数增加",分歧,分歧,2,买入核心,,,,,
,2025/4/30,"向下阴跌,震荡开",背离,是,B,混沌,混沌,,,机器人，消费，AI硬,"单核心反核,大面数减少",分歧,中规中矩,2,买入超预期,,,,,
,2025/5/6,"向上大阳,大高开",共振,是,B,确立,修复--强,,,机器人，核电，AI硬件,"多核心反核,大面数减少",弱转强,中规中矩,3,买入超预期,,,,,
,2025/5/7,"A杀,大高开",共振,是,B,确认,日内分歧转一致,,,机器人，化工，军工,"多核心反核,无大面",加速,中规中矩,2,买入核心,,,,,
,2025/5/8,"向上大阳,大低开",共振,是,B,断板,主升--分歧,,,"机器人,军工，磁悬浮","单核心反核,大面数增加",分歧,中规中矩,1,不开,,,,,
,2025/5/9,"V杀,震荡开",震荡,是,B,混沌,混沌,,,军工，机器人，消费,"多核心反核,大面数减少",分歧,中规中矩,1,不开,,,,,
,2025/5/12,"向上大阳,大高开",共振,是,B,混沌,修复--强,,,军工，机器人,"多核心反核,大面数减少",分歧,中规中矩,3,买入核心,,,,,
,2025/5/13,"宽幅震荡,大高开",共振,是,A,混沌,主升--加速,,,军工，航运，化工,"多核心反核,无大面",加速,加速,2,买入核心,,,,,
,2025/5/14,"向上大阳,震荡开",共振,是,A,混沌,主升--高潮,,,军工，机器人，航运，化工,"多核心反核,大面数减少",弱转强,中规中矩,2,买入核心,,,,,
,2025/5/15,"向下杀跌,震荡开",震荡,是,A,确认,主升--分歧,,,航运，化工，纺织，消费,"多核心反核,无大面",分歧,中规中矩,2,不开,,,,,
,2025/5/16,"向下杀跌,震荡开",共振,是,A,主升,主升--延续,,,机器人，军工，化工，汽车,"多核心反核,无大面",弱转强,分歧,3,买入核心,,,,,
,2025/5/19,"宽幅震荡,震荡开",震荡,是,A,抗分歧,日内分歧转一致,,,汽车，航运，重组，房地产,"多核心反核,无大面",分歧,加速,2,买入核心,,,,,
,2025/5/20,"向上大阳,震荡开",震荡,是,A,"断板,抗分歧",主升--分歧,,,重组，消费，AI，军工,"单核心反核,无大面",分歧,分歧,1,不开,,,,,
,2025/5/21,"宽幅震荡,震荡开",震荡,是,A,混沌,退潮,,,重组，电池，医药,"多核心反核,无大面",弱转强,中规中矩,1,不开,,,,,
,2025/5/22,"A杀,宽幅震荡",震荡,是,A,混沌,退潮,,,重组，机器人，军工,"单核心反核,大面数减少",分歧,分歧,1,不开,,,,,
,2025/5/23,"向下杀跌,震荡开",背离,是,A,混沌,修复--弱,,,医药，机器人，核聚变,"多核心反核,大面数减少",分歧,分歧,2,买入超预期,,,,,
,2025/5/26,"A杀,震荡开",背离,是,A,混沌,混沌,,,重组，核聚变，IP,"多核心反核,大面数减少",分歧,中规中矩,3,买入1进2试错,,,,,
,2025/5/27,"向下杀跌,震荡开",背离,是,A,混沌,修复--中等,,,核聚变，消费，ip,"单核心反核,无大面",分歧,加速,3,买入核心,,,,,
,2025/5/28,"宽幅震荡,震荡开",震荡,否,A,确立,混沌分歧,,,农药，无人驾驶，核,"多核心反核,大面数增加",分歧,分歧,1,不开,,,,,
,2025/5/29,"向上大阳,震荡开",止跌阳,是,A,弱转强,修复--中等,,,无人，核聚变，区块链,"多核心反核,大面数减少",弱转强,加速,4,买入超预期,,,,,
,2025/5/30,"向下杀跌,震荡开",背离,是,A,断板,退潮,,,区块链，医药,"单核心反核,大面数增加",分歧,分歧,1,不开,,,,,
,2025/6/3,"宽幅震荡,大低开",震荡,是,A,混沌,修复--中等,,,区块链，无人,"多核心反核,大面数减少",弱转强,中规中矩,3,买入核心,,,,,
,2025/6/4,"向上大阳,震荡开",共振,是,B,混沌,混沌,,,固态，消费,"多核心反核,大面数减少",分歧,分歧,1,不开,,,,,
,2025/6/5,"小步碎阳,宽幅震荡,震荡开",共振,是,B,混沌,混沌,,,电厂，算力，区块链,"多核心反核,大面数增加",弱转强,中规中矩,1,不开,,,,,
,2025/6/6,"小步碎阳,宽幅震荡,震荡开",共振,是,B,混沌,混沌,,,区块链路，农药,"多核心反核,大面数减少",分歧,加速,1,不开,,,,,
,2025/6/9,"小步碎阳,震荡开",共振,是,B,确认,修复--强,,,区块链，金融，医药,"多核心反核,无大面",弱转强,中规中矩,4,买入核心,,,,,
,2025/6/10,"向下杀跌,震荡开",箱体上延,是,B,"加速,抗分歧",日内分歧未转一致,,,医药，机器人，体育，固态,"多核心反核,无大面",加速,中规中矩,2,买入核心,,,,,
,2025/6/11,"向上大阳,震荡开",共振,是,B,抗分歧,退潮,,,汽车零部件，医药,"单核心反核,无大面",分歧,中规中矩,1,不开,,,,,
,2025/6/12,"宽幅震荡,震荡开",共振,是,B,混沌,修复--中等,,,区块链，ip经济,"多核心反核,大面数减少",弱转强,中规中矩,3,买入1进2试错,,,,,
,2025/6/13,"向下杀跌,震荡开",震荡,是,B,混沌,退潮,,,区块链，石油，医药，稀土,"单核心反核,大面数减少",分歧,中规中矩,1,买入1进2试错,,,,,
,2025/6/16,"小步碎阳,震荡开",震荡,是,B,混沌,修复--中等,,,石油，区块链，医药,"单核心反核,大面数减少",弱转强,分歧,2,买入核心,,,,,
,2025/6/17,"宽幅震荡,震荡开",震荡,是,B,混沌,混沌,,,石油，区块链 化工,"多核心反核,无大面",分歧,中规中矩,2,不开,,,,,
,2025/6/18,"V杀,震荡开",震荡,是,B,混沌,混沌,,,脑机，石油，区块链,"多核心反核,无大面",弱转强,中规中矩,3,买入超预期,,,,,
,2025/6/19,"向下杀跌,大低开",背离,是,B,混沌,退潮,,,区块链，石油，固态,"单核心反核,大面数增加",分歧,中规中矩,1,不开,,,,,
主升周期,2025/6/20,"小步碎阳,大低开",震荡,是,B,确立,修复--弱,,,PCB，固态，光伏，石油,"单核心反核,大面数增加",加速,中规中矩,2,买入核心,,,,,
,2025/6/23,"向上大阳,大低开",止跌阳,是,B,加速,修复--强,,,巴以，固态，区块链，半导体,"多核心反核,大面数减少",加速,中规中矩,3,买入核心,,,,,
,2025/6/24,"向上大阳,震荡开",共振,是,C,混沌,主升--确认,,,区块链，固态，无人,"多核心反核,大面数增加",分歧,中规中矩,2,买入1进2试错,,,,,
,2025/6/25,"向上大阳,震荡开",共振,是,C,混沌,主升--高潮,,,大金融，军工，固态，芯片,"单核心反核,大面数减少",分歧,中规中矩,3,买入1进2试错,,,,,
,2025/6/26,"向下阴跌,震荡开",共振,是,C,混沌,主升-加速转衰竭,,,金融，军工，固态，区块链,"多核心反核,无大面",分歧,加速,3,买入核心,,,,,
,2025/6/27,"向下杀跌,震荡开",共振,是,C,加速,修复--中等,,,"固态，金融，区块链,半导体","多核心反核,无大面",分歧,中规中矩,2,买入核心,,,,,
,2025/6/30,"小步碎阳,震荡开",震荡,是,C,确认,主升--延续,,,军工，芯片，算力，机器人,"多核心反核,大面数减少",分歧,加速,4,买入核心,,,,,
,2025/7/1,"小步碎阳,震荡开",震荡,是,B,抗分歧,主升--分歧,,,芯片，军工，核聚变,"单核心反核,无大面",加速,分歧,2,买入1进2试错,,,,,
,2025/7/2,"宽幅震荡,震荡开",震荡,是,B,断板,退潮,,,海洋，医药，芯片，军工,"单核心反核,大面数增加",分歧,加速,2,买入核心,,,,,
主升周期,2025/7/3,"宽幅震荡,震荡开",共振,是,B,确认,修复--中等,,,医药，芯片，海洋，光伏,"多核心反核,大面数减少",弱转强,中规中矩,3,买入1进2试错,,,,,
,2025/7/4,"A杀,震荡开",共振,是,B,混沌,退潮,,,医药，区块链，电力,"单核心反核,大面数增加",分歧,分歧,1,不开,,,,,
,2025/7/7,"宽幅震荡,大低开",共振,是,B,混沌,修复--中等,,,医药，区块链，电力，消费,"多核心反核,大面数减少",分歧,中规中矩,3,买入核心,,,,,
,2025/7/8,"向上大阳,震荡开",共振,是,B,主升,主升--确认,,,光伏，电力，芯片,"多核心反核,大面数减少",弱转强,中规中矩,3,买入核心,,,,,
,2025/7/9,"A杀,震荡开",共振,是,B,主升,主升--高潮,,,机器人，光伏，区块链,"多核心反核,无大面",加速,中规中矩,3,买入核心,,,,,
,2025/7/10,"向上大阳,震荡开",共振,是,B,主升,主升--分歧,,,医药，光伏，地产,"单核心反核,大面数增加",分歧,中规中矩,1,不开,,,,,
,2025/7/11,"A杀,震荡开",共振,是,B,主升,修复--弱,,,区块链，地产，医药，稀土,"单核心反核,大面数增加",分歧,中规中矩,1,不开,,,,,
,2025/7/14,"小步碎阳,大高开",共振,是,B,混沌,混沌,,,机器人，医药，电力,"多核心反核,大面数增加",分歧,中规中矩,2,买入1进2试错,,,,,
,2025/7/15,"V杀,震荡开",共振,是,B,混沌,退潮,,,稀土，业绩，机器人,"单核心反核,大面数增加",分歧,中规中矩,2,买入1进2试错,,,,,
,2025/7/16,,,,,,,,,,,,,,,,,,,
主升周期,2025/8/11,"向上大阳,震荡开",共振,是,A,混沌,修复--强,,,新疆，机器人，军工,"多核心反核,大面数减少",分歧,中规中矩,3,买入1进2试错,,,,,
,2025/8/12,"向上大阳,震荡开",共振,是,A,断板,日内分歧转一致,,,新疆，机器人,"多核心反核,大面数减少",分歧,中规中矩,2,买入核心,,,,,
,2025/8/13,"向上大阳,震荡开",共振,是,A,弱转强,主升--高潮,,,机器人，军工，AI硬件,"多核心反核,无大面",弱转强,加速,4,买入核心,,,,,
,2025/8/14,宽幅震荡,共振,是,A,断板,主升--分歧,,,"机器人，军工，AI硬件,稳定币","多核心反核,大面数增加",分歧,加速,1,不开,,,,,
,2025/8/15,"向上大阳,震荡开",共振,是,C,混沌,修复--中等,,,AI硬件，机器人，芯片,"多核心反核,无大面",分歧,中规中矩,2,买入核心,,,,,
,2025/8/18,"向上大阳,大高开",共振,是,C,确认,加速,,,AI硬件，机器人，芯片,"多核心反核,大面数增加",加速,加速,3,买入核心,,,,,
,2025/8/19,宽幅震荡,共振,是,C,抗分歧,日内分歧转一致,,,AI硬件，机器人，医药,"多核心反核,大面数增加",分歧,中规中矩,2,买入1进2试错,,,,,
,2025/8/20,"向上大阳,大低开",共振,是,C,断板,退潮,,,机器人，消费电子,"单核心反核,大面数增加",分歧,中规中矩,1,不开,,,,,
,2025/8/21,"宽幅震荡,震荡开",共振,是,C,混沌,冰点,,,区块链，机器人，消费,"单核心反核,大面数增加",分歧,分歧,2,买入超预期,,,,,
,2025/8/22,"向上大阳,震荡开",共振,是,C,混沌,修复--强,,,AI硬件，芯片,"多核心反核,大面数减少",分歧,加速,3,"买入核心,买入超预期",,,,,
,2025/8/25,"向上大阳,大高开",共振,是,C,确认,日内分歧转一致,,,AI硬件，芯片，消费，医药,"多核心反核,大面数减少",分歧,中规中矩,2,买入1进2试错,,,,,
,2025/8/26,"向下阴跌,大低开",共振,是,C,弱转强,主升--分歧,1.49,-0.26,芯片，消费电子,"多核心反核,大面数增加",弱转强,中规中矩,2,买入超预期,,,,,
,2025/8/27,向下杀跌,背离,是,C,混沌,退潮,-1.38,-3.38,芯片，业绩,"多核心反核,大面数增加",分歧,分歧,1,不开,,,,,
,2025/8/28,"V杀,震荡开",共振,是,C,混沌,日内分歧转一致,1.93,-0.8,芯片，PCB，消费,"多核心反核,大面数增加",加速,中规中矩,2,买入核心,,,,,
,2025/8/29,"小步碎阳,震荡开",共振,是,C,混沌,退潮,0.72,-1.16,芯片，锂电池，消费，军工,"单核心反核,大面数增加",加速,分歧,2,买入1进2试错,,,,,
,2025/9/1,"小步碎阳,震荡开",共振,是,C,混沌,修复--中等,0.39,1.46,芯片，医药，AI硬，黄金,"多核心反核,大面数减少",加速,中规中矩,2,买入核心,,,,,
,2025/9/2,"向下杀跌,震荡开",背离,是,B,混沌,退潮,-1.02,-0.47,锂电池，光伏，机器人,"无明显反核,大面数增加",加速,中规中矩,1,不开,,,,,
,2025/9/3,"向下杀跌,震荡开",背离,是,B,混沌,退潮,-1.14,-1.91,机器人，影视，固态,"多核心反核,大面数增加",加速,分歧,1,不开,,,,,
,2025/9/4,"向下杀跌,大低开",背离,是,B,混沌,退潮,-2.05,0.49,消费，能源，机器人,"单核心反核,大面数增加",分歧,分歧,1,不开,,,,,
主升周期,2025/9/5,"向上大阳,震荡开",震荡,是,B,混沌,修复--中等,1.82,1.51,"锂电池,机器人，光伏","多核心反核,大面数减少",分歧,中规中矩,3,买入核心,,,,,
,2025/9/8,"宽幅震荡,震荡开",震荡,是,B,混沌,混沌,0.51,2.71,机器人，锂电池,"单核心反核,大面数增加",分歧,中规中矩,2,买入1进2试错,,,,,
,2025/9/9,"向下杀跌,大低开",震荡,是,B,确认,短线情绪确认,-0.53,-0.1,机器人，黄金，消费,"多核心反核,大面数增加",弱转强,中规中矩,3,买入超预期,,,,,
,2025/9/10,"宽幅震荡,震荡开",震荡,是,B,主升,修复--中等,0.2,0.74,科技，消费，AI应用,"多核心反核,无大面",加速,分歧,3,买入核心,,,,,
,2025/9/11,"小步碎阳,宽幅震荡",共振,是,A,抗分歧,主升--高潮,2.16,0.4,科技，机器人,"多核心反核,无大面",分歧,中规中矩,3,买入核心,,,,,
,2025/9/12,"宽幅震荡,震荡开",共振,是,A,弱转强,主升--加速,-0.59,-0.44,机器人，地产，科技,"单核心反核,无大面",弱转强,中规中矩,3,买入核心,,,,,
,2025/9/15,"宽幅震荡,大高开",震荡,是,A,抗分歧,日内分歧转一致,-0.01,-0.24,"机器人，固态,新能源车","单核心反核,大面数增加",分歧,中规中矩,2,买入核心,,,,,
,2025/9/16,"宽幅震荡,震荡开",震荡,是,A,弱转强,修复--中等,-0.04,1.33,机器人，科技，物流，消费,"多核心反核,无大面",弱转强,中规中矩,3,买入核心,,,,,
,2025/9/17,"小步碎阳,震荡开",震荡,是,A,抗分歧,主升--延续,0.55,-0.25,机器人，科技，光伏,"多核心反核,无大面",分歧,加速,2,买入超预期,,,,,
,2025/9/18,"A杀,震荡开",震荡,是,A,加速,主升--高潮,-1.09,-2.16,机器人，科技,"单核心反核,无大面",加速,加速,3,买入超预期,,,,,
,2025/9/19,"向下阴跌,震荡开",震荡,是,B,断板,退潮,-0.05,-0.78,机器人，科技,"单核心反核,大面数增加",分歧,分歧,1,不开,,,,,
,2025/9/22,"宽幅震荡,震荡开",震荡,是,B,穿越,修复--中等,0.63,-0.94,机器人，科技,"多核心反核,大面数增加",分歧,加速,3,买入超预期,,,,,
,2025/9/23,"V杀,震荡开",背离,是,B,抗分歧,冰点转折,-0.17,-1.51,机器人，科技,"多核心反核,大面数增加",分歧,中规中矩,2,买入超预期,,,,,
,2025/9/24,"向上大阳,震荡开",共振,是,B,混沌,修复--中等,0.76,2.3,芯片，机器人，房地产,"多核心反核,大面数减少",分歧,中规中矩,2,买入1进2试错,,,,,
,2025/9/25,"宽幅震荡,震荡开",震荡,是,B,混沌,混沌,0.47,-0.63,科技，机器人,"单核心反核,大面数增加",分歧,中规中矩,2,买入超预期,,,,,
,2025/9/26,"宽幅震荡,震荡开",震荡,是,B,混沌,混沌,-0.92,0.14,风电，芯片，机器人,"单核心反核,大面数增加",分歧,中规中矩,2,买入超预期,,,,,
,2025/9/29,"向上大阳,震荡开",震荡,是,B,混沌,修复--中等,1.54,1.12,电池，金融，芯片,"多核心反核,大面数减少",加速,中规中矩,3,买入核心,,,,,
,2025/10/9,"向上大阳,大高开",震荡,否,B,混沌,混沌,1.69,-0.82,芯片，核聚变，有色,"多核心反核,大面数增加",分歧,分歧,1,不开,,,,,
,2025/10/10,"宽幅震荡,大低开",震荡,否,B,混沌,退潮,-1.66,0.86,消费，机器人，芯片,"无明显反核,大面数增加",分歧,分歧,2,买入1进2试错,,,,,
,2025/10/13,"向上大阳,大低开",震荡,否,B,混沌,冰点转折,-0.31,0.11,稀土，核聚变，芯片,"多核心反核,大面数增加",弱转强,中规中矩,3,买入核心,,,,,
,2025/10/14,"向下杀跌,大高开",震荡,是,B,混沌,加速转衰竭,-1.1,-0.2,消费，核聚变,"单核心反核,大面数增加",分歧,中规中矩,2,不开,,,,,
,2025/10/15,"向上大阳,震荡开",共振,是,B,混沌,退潮,1.3,1.2,机器人，光伏，消费,"单核心反核,大面数增加",分歧,分歧,1,不开,,,,,
,2025/10/16,"宽幅震荡,震荡开",震荡,是,B,混沌,修复--弱,0.21,-0.71,能源，芯片，航运,"多核心反核,大面数减少",分歧,中规中矩,2,买入1进2试错,,,,,
,2025/10/17,"向下杀跌,震荡开",震荡,是,B,混沌,冰点,-2.26,-0.97,芯片，消费,"多核心反核,大面数增加",弱转强,中规中矩,3,买入核心,,,,,
,2025/10/20,"向上大阳,大高开",止跌阳,是,B,混沌,修复--中等,0.35,2.29,芯片，煤炭能源，光通信,"单核心反核,大面数减少",分歧,加速,3,买入超预期,,,,,
,2025/10/21,"向上大阳,大高开",共振,是,B,确认,短线情绪确认,1.33,2.22,深地，湖北国改，消费,"多核心反核,无大面",弱转强,分歧,3,买入核心,,,,,
,2025/10/22,"宽幅震荡,大低开",震荡,是,A,加速,主升--加速,-0.27,0.87,深地，国改，地产，医药,"多核心反核,大面数增加",加速,加速,3,买入1进2试错,,,,,
,2025/10/23,"V杀,大低开",震荡,是,A,加速,日内分歧转一致,0.25,0.75,煤炭，深圳，量子计算，消费,"无明显反核,大面数增加",加速,分歧,2,买入核心,,,,,
,2025/10/24,"向上大阳,大高开",共振,是,A,断板,退潮,1.17,0.81,航天，存储芯片,"无明显反核,大面数增加",分歧,分歧,1,不开,,,,,
,2025/10/27,"向上大阳,大高开",共振,是,A,混沌,修复--中等,1.51,0.12,芯片，台湾，核聚变,"多核心反核,大面数减少",加速,加速,3,买入核心,,,,,
,2025/10/28,"A杀,震荡开",共振,是,A,混沌,混沌,-0.62,0.38,台湾，PCB，机器人,"单核心反核,大面数增加",加速,加速,3,不开,,,,,
,2025/10/29,震荡开,震荡,是,A,混沌,混沌分歧,1.38,-1.06,业绩，PCB，固态,"单核心反核,大面数增加",分歧,分歧,1,不开,,,,,
,2025/10/30,"宽幅震荡,震荡开",震荡,是,A,断板,混沌分歧,-0.74,-0.26,锂电池，业绩,"单核心反核,大面数增加",分歧,中规中矩,2,买入1进2试错,,,,,
,2025/10/31,宽幅震荡,震荡,是,A,弱转强,退潮,-1.52,1.68,锂电池，业绩，台湾，机器人,"单核心反核,大面数增加",分歧,分歧,1,不开,,,,,
,2025/11/3,宽幅震荡,震荡,是,A,加速,混沌,0.25,1.81,核聚变，海南，云计算,"多核心反核,大面数增加",加速,分歧,2,买入1进2试错,,,,,
,2025/11/4,"向下杀跌,震荡开",震荡,是,A,加速,短线情绪确认,-0.81,0.58,台湾，电力,"多核心反核,大面数减少",弱转强,中规中矩,3,买入核心,,,,,
,2025/11/5,"向上大阳,大低开",震荡,是,A,抗分歧,,0.02,1.2,电力，海南，光伏,"多核心反核,无大面",分歧,加速,3,买入1进2试错,,,,,
,2025/11/6,"向上大阳,震荡开",共振,是,A,断板,退潮,1.53,-0.08,电力，核聚变，有色,"单核心反核,大面数增加",分歧,分歧,1,不开,,,,,
,2025/11/7,"宽幅震荡,震荡开",共振,是,A,穿越,修复--中等,-0.32,0.1,锂电池，光伏,"多核心反核,大面数减少",分歧,中规中矩,2,买入1进2试错,,,,,
,2025/11/10,"小步碎阳,宽幅震荡",共振,是,A,断板,加速转衰竭,0.55,0.73,消费，锂电池，光伏,"多核心反核,大面数增加",分歧,中规中矩,2,买入核心,,,,,
,2025/11/11,"向下杀跌,宽幅震荡",共振,是,A,弱转强,修复--中等,-1.04,0.52,消费，锂电池，光伏,"多核心反核,大面数减少",弱转强,中规中矩,3,买入核心,,,,,
,2025/11/12,"宽幅震荡,震荡开",震荡,是,A,加速,日内分歧转一致,-0.23,0.02,消费，锂电池,"单核心反核,大面数增加",加速,加速,2,买入核心,,,,,
,2025/11/13,"向上大阳,震荡开",共振,是,A,加速,主升--高潮,0.86,0.62,消费，锂电池,"多核心反核,无大面",加速,中规中矩,3,买入核心,,,,,
,2025/11/14,"宽幅震荡,震荡开",背离,是,A,抗分歧,日内分歧转一致,-1.71,1.09,台湾，锂电池，医药，海南,"单核心反核,大面数增加",分歧,中规中矩,2,买入核心,,,,,
,2025/11/17,"向下阴跌,震荡开",背离,是,A,加速,主升--加速,-0.43,0.52,台湾，锂电池，AI应用,"多核心反核,大面数减少",加速,中规中矩,2,买入1进2试错,,,,,
,2025/11/18,"向下杀跌,大低开",背离,是,A,,退潮,-0.75,-0.46,AI应用，消费,"单核心反核,大面数增加",分歧,分歧,1,不开,,,,,
,2025/11/19,"宽幅震荡,震荡开",止跌阳,是,A,,修复--弱,0.39,-2.4,消费，水产，台湾,"单核心反核,大面数增加",分歧,中规中矩,2,买入核心,,,,,
,2025/11/20,"向下阴跌,震荡开",背离,是,A,弱转强,冰点转折,-0.39,-0.77,台湾，锂电池，消费,"单核心反核,大面数增加",分歧,分歧,2,买入核心,,,,,
,2025/11/21,"向下杀跌,大低开",背离,是,D,断板,冰点,-2.56,-4.71,AI应用,"无明显反核,大面数增加",分歧,分歧,1,不开,,,,,
,2025/11/24,"V杀,大高开",背离,是,D,混沌,修复--弱,-0.1,1.88,"AI应用,军工","单核心反核,大面数增加",弱转强,中规中矩,2,买入超预期,,,,,
,2025/11/25,向上大阳,共振,是,D,混沌,修复--中等,0.98,1.86,AI，电池，科技，医药,"多核心反核,大面数减少",分歧,加速,2,买入核心,,,,,
,2025/11/26,"宽幅震荡,震荡开",震荡,是,D,混沌,混沌分歧,41,-1.01,AI，科技，医药,"多核心反核,大面数增加",分歧,中规中矩,2,不开,,,,,
,2025/11/27,"小步碎阳,震荡开",震荡,是,D,混沌,混沌分歧,0.1,1.09,谷歌硬件，消费,"单核心反核,大面数增加",分歧,分歧,1,不开,,,,,
,2025/11/28,"小步碎阳,震荡开",震荡,是,D,混沌,修复--中等,0.32,1.6,消费，航天,"多核心反核,大面数减少",加速,中规中矩,2,买入核心,,,,,
,2025/12/1,"向上大阳,震荡开",震荡,是,D,加速,加速,1.02,-0.19,消费，航天，AI手机,"多核心反核,大面数减少",加速,加速,3,买入核心,,,,,
,2025/12/2,"向下杀跌,震荡开",震荡,是,D,抗分歧,高潮,-0.51,-0.26,台湾，航天，AI手机，消费,"多核心反核,大面数减少",弱转强,中规中矩,2,买入核心,,,,,
,2025/12/3,"宽幅震荡,震荡开",震荡,是,D,抗分歧,小退潮,-0.55,-1.08,航天，台湾，医药,"多核心反核,大面数增加",分歧,分歧,1,不开,,,,,
,2025/12/4,"宽幅震荡,震荡开",震荡,是,D,混沌,修复--弱,0.23,-2.07,航天，台湾，机器人，芯片,"单核心反核,大面数增加",分歧,分歧,1,不开,,,,,
,2025/12/5,"向上大阳,震荡开",共振,是,A,加速,修复--强,0.58,1.64,台湾，航天，金融,"多核心反核,无大面",加速,中规中矩,4,买入超预期,,,,,
,2025/12/8,"向上大阳,大高开",共振,是,A,加速,主升--加速,0.72,0.78,台湾，航天，光通信,"单核心反核,无大面",分歧,加速,2,买入1进2试错,,,,,
,2025/12/9,"向下阴跌,震荡开",震荡,是,A,抗分歧,主升--分歧,-0.49,-0.71,台湾，航天，光通信，消费,"单核心反核,大面数增加",分歧,分歧,1,不开,,,,,
,2025/12/10,"V杀,震荡开",震荡,是,A,混沌,修复--弱,0.15,-1.25,台湾，航天，光通信，消费,"单核心反核,大面数增加",分歧,分歧,1,不开,,,,,
,2025/12/11,"向下杀跌,震荡开",震荡,是,A,混沌,退潮,-0.72,-2.56,航天，光通信，消费,"单核心反核,大面数增加",分歧,分歧,1,不开,,,,,
,2025/12/12,"V杀,震荡开",震荡,是,B,混沌,退潮转衰竭,0.58,-1.41,航天，核聚，电力,"多核心反核,大面数增加",分歧,分歧,2,买入核心,,,,,
,2025/12/15,大低开,震荡,是,B,混沌,日内分歧转一致,-0.65,0.16,航天，消费，核聚变,"多核心反核,大面数减少",分歧,加速,2,买入核心,,,,,
,2025/12/16,向下杀跌,震荡,是,B,混沌,混沌分歧,-1.08,-2.12,航天，消费,"多核心反核,大面数增加",分歧,中规中矩,1,不开,,,,,
,2025/12/17,向上大阳,共振,是,B,混沌,退潮,1.7,0.09,航天，消费，科技,"单核心反核,大面数增加",分歧,分歧,1,不开,,,,,
,2025/12/18,震荡开,共振,是,B,混沌,修复--中等,-0.42,1.64,航天，消费，医药,"多核心反核,无大面",弱转强,分歧,2,"买入核心,买入超预期",,,,,
,2025/12/19,"小步碎阳,震荡开",共振,是,B,混沌,日内分歧转一致,0.34,2.16,消费，航天，核聚变，地产,"多核心反核,无大面",分歧,中规中矩,2,买入核心,,,,,
,2025/12/22,"向上大阳,大高开",共振,是,B,混沌,混沌,0.85,0.43,消费，航天，海南，科技,"多核心反核,大面数增加",分歧,中规中矩,1,不开,,,,,
,2025/12/23,"小步碎阳,震荡开",共振,是,B,混沌,退潮,-0.01,-0.71,科技，海南，航天,"单核心反核,大面数增加",分歧,中规中矩,1,不开,,,,,
,2025/12/24,"向上大阳,震荡开",共振,是,A,弱转强,修复--强,0.38,1.16,航天，科技，俩岸,"多核心反核,无大面",弱转强,中规中矩,3,买入核心,,,,,
,2025/12/25,"小步碎阳,震荡开",共振,是,A,加速,主升--确认,0.21,1.12,航天，机器人，消费,"多核心反核,无大面",加速,加速,3,买入核心,,,,,
,2025/12/26,"V杀,震荡开",共振,是,A,加速,主升--加速,0.32,-0.61,航天，机器人，锂电池,"多核心反核,无大面",加速,中规中矩,3,买入核心,,,,,
,2025/12/29,"小步碎阳,宽幅震荡",共振,是,A,抗分歧,日内分歧转一致,-0.19,0.38,航天，机器人,"多核心反核,大面数增加",分歧,分歧,2,买入核心,,,,,
,2025/12/30,大低开,共振,是,A,断板,小退潮,0.21,-0.82,航天，机器人,"单核心反核,大面数增加",分歧,分歧,1,不开,,,,,
,2025/12/31,"小步碎阳,震荡开",共振,是,A,弱转强,修复--强,-0.22,0.24,航天，机器人,"多核心反核,大面数减少",弱转强,中规中矩,3,买入核心,,,,,
主升期(主线),2026/1/5,"向上大阳,大高开",共振,是,A,"主升,抗分歧",日内分歧转一致,1.87,1.84,"航天，机器人，AI应用,脑机","多核心反核,大面数增加",分歧,中规中矩,3,买入核心,,,,,
主升期(主线),2026/1/6,"向上大阳,大高开",共振,是,C,主升,日内分歧转一致,1.67,0.5,"航天，机器人，AI应用,脑机","多核心反核,无大面",分歧,中规中矩,2,买入超预期,,,,,
主升期(主线),2026/1/7,"宽幅震荡,震荡开",共振,是,C,主升,日内分歧转一致,-0.01,-0.5,"航天,脑机，机器人，核聚变","多核心反核,大面数增加",分歧,中规中矩,2,买入核心,,,,,
主升期(主线),2026/1/8,"宽幅震荡,震荡开",共振,是,C,主升,修复--强,-0.48,1.86,"航天,脑机，AI应用，核聚变","多核心反核,无大面",弱转强,加速,4,买入核心,,,,,
主升期(主线),2026/1/9,"向上大阳,震荡开",共振,是,C,主升,主升--加速,0.76,1.09,航天，AI应用，核聚变,"多核心反核,无大面",分歧,加速,2,买入核心,,,,,
主升期(主线),2026/1/12,"向上大阳,大高开",共振,是,C,主升,主升--高潮,0.95,1.44,航天，AI应用,"多核心反核,无大面",加速,加速,4,买入核心,,,,,
过渡期,2026/1/13,向下杀跌,震荡,是,C,断板,主升--分歧,-0.65,0.14,航天，AI应用，医药,"无明显反核,大面数增加",分歧,分歧,1,不开,,,,,
过渡期,2026/1/14,"A杀,震荡开",震荡,是,C,主升,修复后反杀,-0.3,0.23,航天，AI应用,"多核心反核,无大面",加速,中规中矩,2,买入核心,,,,,
退潮期,2026/1/15,"向下杀跌,震荡开",背离,是,C,混沌,冰点,-0.2,-0.24,电力，科技，AI应用,"无明显反核,大面数增加",分歧,分歧,1,不开,,,,,
退潮期,2026/1/16,"宽幅震荡,大高开",震荡,是,B,混沌,退潮,-0.25,-0.2,科技，机器人，电力,"无明显反核,大面数增加",分歧,分歧,1,不开,,,,,
退潮期,2026/1/19,"宽幅震荡,大低开",震荡,是,B,混沌,修复--弱,0.2,1.73,电力，机器人，航天,"多核心反核,大面数减少",分歧,中规中矩,2,不开,,,,,
退潮期,2026/1/20,"宽幅震荡,震荡开",震荡,是,B,混沌,混沌分歧,-0.18,0.38,电力，AI，化工，,"单核心反核,大面数增加",分歧,加速,1,不开,,,,,
混沌期,2026/1/21,"震荡开,大低开",震荡,是,B,混沌,混沌,0.08,1.29,"芯片,机器人","单核心反核,大面数减少",分歧,分歧,1,不开,,,,,
首修期,2026/1/22,"宽幅震荡,震荡开",震荡,是,B,混沌,修复--中等,0.06,1.57,航天，机器人,"多核心反核,无大面",弱转强,加速,3,买入超预期,,,,,
混沌期,2026/1/23,"宽幅震荡,震荡开",震荡,是,B,混沌,修复高潮,-0.03,0.65,航天，光伏,"多核心反核,无大面",加速,中规中矩,3,买入核心,,,,,
混沌期,2026/1/26,"宽幅震荡,震荡开",震荡,是,B,混沌,混沌分歧,0.09,-0.88,有色，医药，航天,"单核心反核,大面数增加",分歧,分歧,1,不开,,,,,
混沌期,2026/1/27,"宽幅震荡,震荡开",震荡,是,B,混沌,混沌,-0.22,-0.34,芯片，航天，有色,"多核心反核,大面数减少",分歧,中规中矩,2,买入核心,,,,,
主升期,2026/1/28,"小步碎阳,震荡开",震荡,是,B,确认,主升--确认,0.46,-1.51,有色，化工,"多核心反核,大面数减少",弱转强,中规中矩,3,买入核心,,,,,
主升期,2026/1/29,"宽幅震荡,震荡开",震荡,是,B,抗分歧,日内分歧转一致,0.28,-0.46,有色，白酒，石油，AI,"单核心反核,大面数减少",分歧,中规中矩,3,买入1进2试错,,,,,
退潮期,2026/1/30,"向下杀跌,大低开",背离,是,D,断板,冰点,-1.46,1.58,"消费，农业,AI硬","无明显反核,大面数增加",分歧,分歧,1,不开,,,,,
退潮期,2026/2/2,"向下杀跌,大低开",背离,是,D,混沌,退潮加速,-2.32,-0.84,电力，AI应用,"单核心反核,大面数减少",分歧,分歧,1,不开,,,,,
首修期,2026/2/3,"V杀,大高开",震荡,是,B,混沌,修复--强,1.32,1.35,航天，光伏,"多核心反核,大面数减少",弱转强,加速,3,买入超预期,,,,,
混沌期,2026/2/4,"向上大阳,震荡开",震荡,是,B,混沌,日内分歧转一致,0.9,0.74,光伏，煤炭，航天，地产,"单核心反核,大面数增加",分歧,分歧,1,不开,,,,,
混沌期,2026/2/5,"V杀,大低开",共振,是,B,混沌,混沌,-1.01,0.22,消费，影视,"单核心反核,大面数增加",分歧,中规中矩,1,不开,,,,,
混沌期,2026/2/6,"V杀,大低开",震荡,是,B,混沌,修复--弱,-0.32,0.71,机器人，消费,"单核心反核,大面数减少",分歧,中规中矩,1,不开,,,,,
首修期,2026/2/9,"向上大阳,大高开",共振,是,B,混沌,修复--强,1.56,1.29,"光伏,sd2，航天，AI硬件","单核心反核,无大面",加速,中规中矩,2,买入超预期,,,,,
混沌期,2026/2/10,"宽幅震荡,震荡开",震荡,是,B,混沌,混沌,0.37,0.2,"sd,AI硬件","单核心反核,大面数增加",分歧,分歧,2,买入1进2试错,,,,,
混沌期,2026/2/11,"宽幅震荡,震荡开",震荡,是,B,混沌,混沌,-0.04,-0.17,化工，AI硬件,"单核心反核,大面数增加",分歧,分歧,1,不开,,,,,
混沌期,2026/2/12,"宽幅震荡,震荡开",震荡,是,B,混沌,混沌分歧,0.34,-1.25,ai硬件，电力,"单核心反核,大面数增加",分歧,分歧,1,不开,,,,,
退潮期,2026/2/13,"宽幅震荡,大低开",震荡,是,B,混沌,退潮,-1.21,0.07,ai软件,"单核心反核,大面数增加",分歧,分歧,1,不开,,,,,
退潮期,2026/2/24,"宽幅震荡,大高开",震荡,是,B,混沌,退潮,1.3,1.93,化工，光纤，有色,"多核心反核,大面数增加",分歧,中规中矩,1,不开,,,,,
首修期,2026/2/25,"A杀,震荡开",震荡,是,B,混沌,修复--中等,0.63,0.81,化工，航运，有色,"多核心反核,无大面",弱转强,中规中矩,3,买入1进2试错,,,,,
主升期(情绪),2026/2/26,"V杀,震荡开",震荡,是,B,确认,龙头确认,0.46,-0.21,AI硬件，光纤，电力，PCB,"单核心反核,无大面",弱转强,中规中矩,3,买入核心,,,,,
主升期(情绪),2026/2/27,"向上大阳,大低开",震荡,是,B,主升,加速,0.17,0.67,华为算力，电力，有色,"多核心反核,无大面",加速,中规中矩,3,买入核心,,,,,
过渡期,2026/3/2,"宽幅震荡,震荡开",震荡,是,B,断板,主升--分歧,0.83,-3.21,石油，有色，军工，光通信,"多核心反核,大面数增加",分歧,分歧,1,不开,,,,,
退潮期,2026/3/3,"向下杀跌,震荡开",震荡,是,B,断板,冰点,-1.84,-2.91,石油，航运，光伏,"单核心反核,大面数增加",分歧,分歧,1,不开,,,,,
退潮期,2026/3/4,"向下杀跌,震荡开",震荡,是,B,弱转强,退潮,-0.9,-0.58,石油，电力,"单核心反核,大面数增加",分歧,分歧,1,不开,,,,,
首修期,2026/3/5,"宽幅震荡,大高开",震荡,是,B,混沌,修复--中等,1.02,1.44,消费电子，电力,"多核心反核,大面数减少",弱转强,分歧,3,买入1进2试错,,,,,
修复延续期,2026/3/6,"小步碎阳,大低开",震荡,是,B,混沌,修复延续,0.22,3.03,电网，电算协同，化工,"多核心反核,无大面",弱转强,加速,3,买入超预期,,,,,
过渡期,2026/3/9,"小步碎阳,大低开",震荡,是,B,混沌,日内分歧转一致,-0.9,-0.89,电网，电算协同，,"单核心反核,大面数增加",分歧,中规中矩,2,买入1进2试错,,,,,
混沌期,2026/3/10,"小步碎阳,大高开",震荡,是,B,混沌,混沌分歧,1.11,2.64,光纤，机器人,"大面数减少,无明显反核",分歧,分歧,1,不开,,,,,
首修期,2026/3/11,"小步碎阳,宽幅震荡",震荡,是,B,混沌,修复--中等,0.5,-0.32,电力，化工,"多核心反核,无大面",分歧,分歧,2,买入核心,,,,,
主升期(主线),2026/3/12,"V杀,震荡开",震荡,是,B,混沌,日内分歧转一致,-0.26,-1.26,电力，化工,"多核心反核,无大面",弱转强,中规中矩,4,买入核心,,,,,
退潮期,2026/3/13,"宽幅震荡,震荡开",背离,是,B,混沌,退潮,-0.75,0.19,化工,"单核心反核,大面数增加",分歧,分歧,1,不开,,,,,
混沌期,2026/3/16,"向下杀跌,震荡开",背离,是,B,混沌,混沌分歧,-0.3,0.27,海洋，芯片,"单核心反核,大面数增加",分歧,中规中矩,1,不开,,,,,
混沌期,2026/3/17,"向下杀跌,震荡开",背离,是,B,混沌,修复--弱,-0.9,-1.93,化工，电力，房地产，光伏,"多核心反核,大面数减少",弱转强,中规中矩,2,买入超预期,,,,,
首修期,2026/3/18,"V杀,震荡开",背离,是,B,混沌,修复--中等,0.6,1.74,电力，科技，机器人,"多核心反核,大面数减少",弱转强,分歧,2,买入超预期,,,,,
混沌期,2026/3/19,"向下杀跌,大低开",背离,是,B,混沌,混沌分歧,-1.82,-2.63,算电，天然气,"多核心反核,大面数增加",分歧,分歧,1,买入超预期,,,,,
混沌期,2026/3/20,"V杀,震荡开",背离,是,D,确立,混沌分歧,-0.92,-3.43,电力，光伏，,"多核心反核,大面数增加",分歧,中规中矩,2,买入核心,,,,,
混沌期,2026/3/23,"向下杀跌,大低开",背离,是,D,确认,冰点,-3.36,-5.47,电力，光伏，机器人,"多核心反核,大面数增加",弱转强,中规中矩,2,买入核心,,,,,
首修期,2026/3/24,"向上大阳,大高开",共振,是,A,抗分歧,修复--强,1.78,5.56,电力，光伏，锂电池,"多核心反核,无大面",加速,中规中矩,4,买入1进2试错,,,,,
主升期,2026/3/25,"向上大阳,大高开",共振,是,A,加速,主升--加速,1.53,2.46,电力，算力,"多核心反核,无大面",加速,中规中矩,4,买入核心,,,,,
过渡期,2026/3/26,"向下杀跌,震荡开",共振,是,A,抗分歧,主升--分歧,-1.48,-1.58,电力，锂电池,"单核心反核,大面数增加",分歧,中规中矩,1,不开,,,,,
混沌期,2026/3/27,"向上大阳,大低开",共振,是,A,抗分歧,修复--中等,0.47,1.73,锂电池，化工，医药，电力,"多核心反核,大面数减少",分歧,中规中矩,2,不开,,,,,
退潮期,2026/3/30,"向上大阳,大低开",共振,是,A,混沌,小退潮,-0.07,0.41,医药，铝，航天，光纤,"单核心反核,大面数增加",分歧,分歧,1,不开,,,,,
混沌期,2026/3/31,"A杀,震荡开",震荡,是,B,混沌,修复--弱,-1.23,-1.69,航天，高铁,"单核心反核,大面数减少",分歧,中规中矩,1,不开,,,,,